,date,num_basket_objects,object_iterator,object_name,Y1,X1,Y2,X2,gaze_x,gaze_y,t_start,t_select,t_close,t_completion,NOSC,NGSC,NAC,TTA,TTG,OST,TTT,success,prosthetic_err,obj_select_err,grasp_config_err,aperture_err
0,06_01_2021_16_15_27,4,0,Lotion Bottles - RDM,13,235,232,328,-14,-37,1622578584984,1622578591653,1622578596420,1622578608052,0,0,1,4767,11436,6669,23068,True,True,False,False,False
1,06_01_2021_16_15_27,4,1,Mugs - RDM,29,24,158,124,37,-123,1622578657010,1622578659886,1622578664188,1622578669188,0,0,0,4302,7178,2876,12178,True,False,False,False,False
2,06_01_2021_16_15_27,4,2,knife,260,113,379,220,234,376,1622578679227,1622578682615,1622578686821,1622578698288,0,0,0,4206,7594,3388,19061,True,False,False,False,False
3,06_01_2021_16_15_27,4,3,mango,161,235,219,321,36,-188,1622578707745,1622578709412,1622578713322,1622578718669,0,0,0,3910,5577,1667,10924,True,False,False,False,False
4,06_01_2021_16_43_45,4,0,Travel mugs - UR,4,240,145,338,1,-182,1622580290161,1622580314149,1622580324739,1622580330001,1,0,0,10590,34578,23988,39840,False,False,False,False,True
5,06_01_2021_16_43_45,4,1,Glasses,182,181,327,365,52,-48,1622580351183,1622580368601,0,1622580379013,0,0,0,-1622580368601,-1622580351183,17418,27830,False,False,True,False,False
6,06_01_2021_16_43_45,4,2,Tooth paste - UR,12,179,119,210,460,-36,1622580422251,1622580427616,1622580435034,1622580439121,0,0,0,7418,12783,5365,16870,True,False,False,False,False
7,06_01_2021_16_43_45,4,3,T-shirt,149,167,274,352,31,-82,1622580454405,1622580458885,1622580463262,1622580467318,0,0,0,4377,8857,4480,12913,True,False,False,False,False
8,06_01_2021_18_30_47,3,0,Drill,15,83,116,253,97,-124,1622586688605,1622586691967,1622586697658,1622586709386,0,0,1,5691,9053,3362,20781,True,True,False,False,False
9,06_01_2021_18_30_47,3,1,white out,156,235,281,364,469,-2,1622586729363,1622586732798,1622586738526,1622586744487,0,0,0,5728,9163,3435,15124,True,False,True,False,False
10,06_01_2021_18_30_47,3,2,T-shirt,137,230,198,322,38,-177,1622586756456,1622586758970,1622586765969,1622586769703,0,0,0,6999,9513,2514,13247,True,False,False,False,False
11,06_02_2021_15_32_42,5,0,Apple,49,111,103,165,71,-136,1622662417273,1622662422616,1622662427939,1622662433188,0,0,0,5323,10666,5343,15915,True,False,False,False,False
12,06_02_2021_15_32_42,5,1,Mugs - UR,30,48,148,144,74,-164,1622662444761,1622662447609,1622662451022,1622662454124,0,0,0,3413,6261,2848,9363,True,False,False,False,False
13,06_02_2021_15_32_42,5,2,Mouse,66,285,138,357,91,-59,1622662461098,1622662463678,1622662467238,1622662472475,0,0,0,3560,6140,2580,11377,True,False,False,False,False
14,06_02_2021_15_32_42,5,3,Hand Sanitizer - RDM,96,222,150,270,185,-49,1622662480306,1622662502270,1622662506455,1622662510240,1,0,0,4185,26149,21964,29934,True,False,False,True,False
15,06_02_2021_15_32_42,5,4,Stapler,137,190,259,335,60,-158,1622662522581,1622662524611,1622662528473,1622662532787,0,0,0,3862,5892,2030,10206,True,False,False,False,False
16,06_02_2021_15_55_30,3,0,Towel,137,180,272,342,3,-4,1622663757187,1622663798553,0,1622663802642,3,0,0,-1622663798553,-1622663757187,41366,45455,False,False,False,True,False
17,06_02_2021_15_55_30,3,1,clamps,110,263,169,327,79,-68,1622663819846,1622663824757,1622663830994,1622663844774,0,0,1,6237,11148,4911,24928,False,False,False,True,False
18,06_02_2021_15_55_30,3,2,Coffee cup - RDM,109,47,246,134,43,-114,1622663857561,1622663860158,1622663878739,1622663883154,0,0,0,18581,21178,2597,25593,False,False,False,True,False
19,06_02_2021_15_59_32,5,0,cans - RDM,53,231,148,305,15,-112,1622664023948,1622664029527,1622664035406,1622664038156,0,0,0,5879,11458,5579,14208,True,False,False,False,False
20,06_02_2021_15_59_32,5,1,Large water bottle - RDM,104,146,202,209,75,-193,1622664043694,1622664046768,1622664053271,1622664065002,0,0,1,6503,9577,3074,21308,True,True,False,False,False
21,06_02_2021_15_59_32,5,2,Stapler,179,298,205,353,13,-129,1622664073673,1622664078206,1622664081446,1622664085907,0,0,0,3240,7773,4533,12234,True,False,False,False,False
22,06_02_2021_15_59_32,5,3,airpods,162,290,217,341,39,-126,1622664092639,1622664095618,1622664099107,1622664103390,0,0,0,3489,6468,2979,10751,True,False,False,False,False
23,06_02_2021_15_59_32,5,4,Coffee cup - UR,100,96,220,202,6,-94,1622664109152,1622664111523,1622664117539,1622664119856,0,0,0,6016,8387,2371,10704,True,False,False,True,False
24,06_01_2021_16_43_45,4,0,car keys,194,79,257,137,394,710,1622581507647,1622581511635,1622581521137,1622581525384,0,0,0,9502,13490,3988,17737,False,True,False,False,False
25,06_01_2021_16_43_45,4,1,Tooth paste - RDM,203,209,239,271,42,-129,1622581541381,1622581552845,1622581555886,1622581560017,1,0,0,3041,14505,11464,18636,True,False,True,False,False
26,06_01_2021_16_43_45,4,2,laddle,105,144,158,255,73,-88,1622581573740,1622581577188,1622581580403,1622581588568,0,0,1,3215,6663,3448,14828,True,True,False,False,False
27,06_01_2021_16_43_45,4,3,Speakers,110,320,202,384,42,-162,1622581598780,1622581601352,1622581605636,1622581608912,0,0,0,4284,6856,2572,10132,True,False,False,False,False
28,06_01_2021_18_30_47,4,0,Glasses,241,163,380,241,58,-74,1622587809832,1622587813607,1622587818647,1622587821542,0,0,0,5040,8815,3775,11710,True,False,False,False,False
29,06_01_2021_18_30_47,4,1,Drill,208,263,343,356,29,-130,1622587829557,1622587832584,1622587836224,1622587842731,0,0,0,3640,6667,3027,13174,True,False,False,False,False
30,06_01_2021_18_30_47,4,2,Shoes,142,95,282,259,31,-81,1622587849283,1622587857758,1622587862540,1622587871523,0,0,1,4782,13257,8475,22240,True,False,False,True,False
31,06_01_2021_18_30_47,4,3,Hand Sanitizer - UR,75,232,202,290,-51,-66,1622587880670,1622587882492,1622587886708,1622587889523,0,0,0,4216,6038,1822,8853,True,False,False,False,False
32,06_02_2021_15_59_32,4,0,orange,264,70,331,137,378,101,1622665075621,1622665078542,1622665083972,1622665087015,0,0,0,5430,8351,2921,11394,True,False,False,False,False
33,06_02_2021_15_59_32,4,1,Mugs - RDM,103,155,228,291,30,-70,1622665093407,1622665096549,1622665099112,1622665101332,0,0,0,2563,5705,3142,7925,True,False,False,False,False
34,06_02_2021_15_59_32,4,2,Jar - UR,8,210,116,295,60,-137,1622665110710,1622665113324,1622665116506,1622665119729,0,0,0,3182,5796,2614,9019,True,False,False,False,False
35,06_02_2021_15_59_32,4,3,laddle,35,254,336,343,62,-133,1622665124857,1622665127714,1622665132312,1622665135373,0,0,0,4598,7455,2857,10516,True,False,False,False,False
36,06_01_2021_16_43_45,3,0,cigar,126,242,172,297,36,-46,1622581640650,1622581644046,1622581646184,1622581649460,0,0,0,2138,5534,3396,8810,True,False,False,False,False
37,06_01_2021_16_43_45,3,1,T-shirt,202,242,222,345,130,-173,1622581657509,1622581660636,1622581666127,1622581669769,0,0,0,5491,8618,3127,12260,True,False,False,True,False
38,06_01_2021_16_43_45,3,2,duster,154,220,288,246,19,-46,1622581684278,1622581686725,1622581691874,1622581694788,0,0,0,5149,7596,2447,10510,True,False,False,False,False
39,06_01_2021_18_30_47,3,0,Apple,77,33,141,101,226,246,1622587918546,1622587921584,1622587925924,1622587929140,0,0,0,4340,7378,3038,10594,True,False,False,False,False
40,06_01_2021_18_30_47,3,1,paint roller,261,200,325,279,-22,34,1622587934140,1622587937364,1622587942325,1622587944569,0,0,0,4961,8185,3224,10429,True,False,False,False,False
41,06_01_2021_18_30_47,3,2,Hand Sanitizer - RDM,130,216,200,324,46,-11,1622587956288,1622587958766,1622587962757,1622587965641,0,0,0,3991,6469,2478,9353,True,False,False,False,False
42,06_02_2021_15_59_32,2,0,Small water bottle - RDM,110,257,170,356,3,-33,1622665184407,1622665187981,1622665190643,1622665192806,0,0,0,2662,6236,3574,8399,True,False,False,False,False
43,06_02_2021_15_59_32,2,1,Measuring tape,158,270,258,368,259,-100,1622665197172,1622665199202,1622665201427,1622665204725,0,0,0,2225,4255,2030,7553,True,False,False,False,False
44,06_01_2021_16_43_45,5,0,glass case,47,213,134,350,13,-142,1622581745492,1622581753892,1622581756904,1622581759785,0,0,0,3012,11412,8400,14293,True,False,False,False,False
45,06_01_2021_16_43_45,5,1,pump,25,151,161,185,2,-219,1622581765517,1622581772200,1622581782304,1622581797236,0,0,1,10104,16787,6683,31719,True,True,False,False,False
46,06_01_2021_16_43_45,5,2,Shoes,70,58,124,93,235,-142,1622581809329,1622581812221,1622581819452,1622581824213,0,0,0,7231,10123,2892,14884,True,False,True,False,False
47,06_01_2021_16_43_45,5,3,Dish Soap - RDM,32,253,113,329,14,-69,1622581849085,1622581852201,1622581855142,1622581859086,0,0,0,2941,6057,3116,10001,True,False,False,False,False
48,06_01_2021_16_43_45,5,4,white out,294,235,325,335,235,157,0,0,0,1622581865221,0,0,0,2941,6057,0,16136,False,False,False,False,False
49,06_01_2021_18_30_47,4,0,glass case,205,240,305,384,70,-106,1622588007323,1622588010340,1622588015191,1622588017290,0,0,0,4851,7868,3017,9967,True,False,False,False,False
50,06_01_2021_18_30_47,4,1,Speakers,238,168,332,256,24,-142,1622588023407,1622588026383,1622588030758,1622588032973,0,0,0,4375,7351,2976,9566,True,False,False,False,False
51,06_01_2021_18_30_47,4,2,Jar - UR,141,134,257,227,85,-104,1622588039312,1622588043059,1622588051276,1622588064234,0,0,0,8217,11964,3747,24922,True,False,False,False,False
52,06_01_2021_18_30_47,4,3,laddle,141,202,205,359,237,504,1622588078597,1622588080792,1622588085409,1622588088472,0,0,0,4617,6812,2195,9875,True,False,False,False,False
53,06_02_2021_15_59_32,3,0,Towel,186,243,307,383,124,-77,1622665236031,1622665239064,1622665241331,1622665245106,0,0,0,2267,5300,3033,9075,True,False,False,False,False
54,06_02_2021_15_59_32,3,1,cans - RDM,146,245,222,319,77,-122,1622665250233,1622665253688,1622665256377,1622665259350,0,0,0,2689,6144,3455,9117,True,False,False,False,False
55,06_02_2021_15_59_32,3,2,Mugs - UR,108,198,219,286,40,-102,1622665264125,1622665266153,1622665268606,1622665270575,0,0,0,2453,4481,2028,6450,True,False,False,False,False
56,06_01_2021_18_30_47,4,0,white out,159,127,251,167,-15,-86,1622588126550,1622588137809,1622588142093,1622588145374,1,0,0,4284,15543,11259,18824,True,False,True,False,False
57,06_01_2021_18_30_47,4,1,Lotion Bottles - UR,2,239,197,324,-5,-120,1622588155259,1622588171020,1622588175677,1622588183092,1,0,0,4657,20418,15761,27833,False,True,False,False,False
58,06_01_2021_18_30_47,4,2,car keys,223,263,257,294,68,97,1622588191929,1622588195232,1622588200573,1622588206709,0,0,0,5341,8644,3303,14780,True,False,False,False,False
59,06_01_2021_18_30_47,4,3,Small water bottle - UR,99,286,187,356,-102,-127,1622588227743,1622588217100,1622588223709,1622588230541,0,0,0,0,-1622588227743,2634,2798,True,False,False,False,False
60,06_02_2021_15_59_32,3,0,cans - UR,75,73,154,148,73,-180,1622665292723,1622665296990,1622665300118,1622665303173,0,0,0,3128,7395,4267,10450,True,False,False,False,False
61,06_02_2021_15_59_32,3,1,laddle,55,243,224,377,115,-99,1622665308640,1622665314360,1622665316795,1622665321525,0,0,0,2435,8155,5720,12885,True,False,False,False,False
62,06_02_2021_15_59_32,3,2,T-shirt,146,262,212,367,74,-176,1622665325944,1622665328100,1622665330933,1622665333442,0,0,0,2833,4989,2156,7498,True,False,False,False,False
63,06_01_2021_18_30_47,3,0,white out,259,192,300,289,26,-131,1622588260974,1622588264081,1622588267355,1622588270060,0,0,0,3274,6381,3107,9086,True,False,False,False,False
64,06_01_2021_18_30_47,3,1,cans - UR,89,150,174,208,273,226,1622588277388,1622588280642,1622588283744,1622588294942,0,0,0,3102,6356,3254,17554,True,False,False,False,False
65,06_01_2021_18_30_47,3,2,Small water bottle - UR,61,359,135,384,58,-167,1622588304250,1622588307683,1622588313406,1622588316209,0,0,0,5723,9156,3433,11959,True,False,False,False,False
66,06_02_2021_15_59_33,3,0,cans - UR,95,143,173,193,67,-91,1622665382173,1622665385247,1622665388005,1622665389874,0,0,0,2758,5832,3074,7701,True,False,False,False,False
67,06_02_2021_15_59_33,3,1,Mouse,247,165,337,257,57,-94,1622665404232,1622665407071,1622665409540,1622665411857,0,0,0,2469,5308,2839,7625,True,False,False,False,False
68,06_02_2021_15_59_33,3,2,Shoes,120,247,203,377,201,-133,1622665418421,1622665420756,1622665424198,1622665428106,0,0,0,3442,5777,2335,9685,True,False,False,False,False
69,06_01_2021_18_30_47,3,0,tape,90,254,199,364,-13,-75,1622588347253,1622588357755,1622588361310,1622588364009,1,0,0,3555,14057,10502,16756,True,False,True,False,False
70,06_01_2021_18_30_47,3,1,Lotion Bottles - RDM,23,112,235,240,104,-145,1622588373013,1622588379438,1622588383686,1622588386725,0,0,0,4248,10673,6425,13712,True,False,False,False,False
71,06_01_2021_18_30_47,3,2,cigar,92,258,150,293,-2,-131,1622588393301,1622588417585,1622588422744,1622588425758,2,0,0,5159,29443,24284,32457,True,False,False,True,False
72,06_02_2021_15_59_33,3,0,Small water bottle - RDM,164,337,233,384,262,195,0,0,0,1622665466302,0,0,0,3442,5777,0,47881,False,False,False,False,False
73,06_02_2021_15_59_33,3,1,Speakers,82,41,158,116,32,-117,1622665492933,1622665498356,1622665503275,1622665505706,0,0,0,4919,10342,5423,12773,True,False,False,False,False
74,06_02_2021_15_59_33,3,2,mango,93,304,170,383,43,-70,1622665509984,1622665512019,1622665514476,1622665516708,0,0,0,2457,4492,2035,6724,True,False,False,False,False
75,06_01_2021_18_30_47,3,0,Glasses,98,248,165,373,100,-136,1622588467685,1622588471791,1622588474826,1622588477276,0,0,0,3035,7141,4106,9591,True,False,False,False,False
76,06_01_2021_18_30_47,3,1,Headphone,211,228,310,284,33,-159,1622588482192,1622588485430,1622588489063,1622588492050,0,0,0,3633,6871,3238,9858,True,False,False,False,False
77,06_01_2021_18_30_47,3,2,paint roller,129,182,192,255,103,-97,1622588498694,1622588501606,1622588505060,1622588507394,0,0,0,3454,6366,2912,8700,True,False,False,False,False
78,06_02_2021_15_59_33,3,0,airpods,260,156,315,216,159,70,1622665545204,1622665548338,1622665553122,1622665555725,0,0,0,4784,7918,3134,10521,True,False,False,False,False
79,06_02_2021_15_59_33,3,1,cigar,58,143,99,180,19,80,1622665564149,1622665566950,1622665569015,1622665570988,0,0,0,2065,4866,2801,6839,True,False,False,False,False
80,06_02_2021_15_59_33,3,2,Mugs - RDM,110,268,256,384,65,-154,1622665576874,1622665579578,1622665581992,1622665584769,0,0,0,2414,5118,2704,7895,True,False,False,False,False
81,06_01_2021_18_30_47,4,0,T-shirt,101,226,215,367,46,-120,1622588541365,1622588546098,1622588550260,1622588553208,0,0,0,4162,8895,4733,11843,True,False,False,False,False
82,06_01_2021_18_30_47,4,1,Tooth paste - UR,9,270,106,317,179,-64,1622588560758,1622588572097,1622588578225,1622588580967,1,0,0,6128,17467,11339,20209,True,False,False,False,False
83,06_01_2021_18_30_47,4,2,Dish Soap - RDM,34,369,59,384,335,18,1622588612778,1622588602259,1622588608059,1622588613845,0,0,0,0,-1622588612778,4119,1067,True,False,False,False,False
84,06_01_2021_18_30_47,4,3,clamps,151,175,219,234,6,-211,1622588627016,1622588629128,1622588633643,1622588636761,0,0,0,4515,6627,2112,9745,True,False,False,False,False
85,06_02_2021_15_59_33,3,0,Jar - UR,29,153,136,231,436,148,1622665615995,1622665619006,1622665621783,1622665624574,0,0,0,2777,5788,3011,8579,True,False,False,False,False
86,06_02_2021_15_59_33,3,1,Mugs - RDM,58,320,192,384,268,-28,1622665638837,1622665641932,1622665644940,1622665647700,0,0,0,3008,6103,3095,8863,True,False,False,False,False
87,06_02_2021_15_59_33,3,2,screw driver,223,175,272,288,63,-107,1622665658315,1622665660777,1622665663087,1622665666317,0,0,0,2310,4772,2462,8002,True,False,False,False,False
88,06_01_2021_18_30_47,4,0,glass case,129,225,271,378,3,-163,1622588690318,1622588694472,1622588697442,1622588699383,0,0,0,2970,7124,4154,9065,True,False,False,False,False
89,06_01_2021_18_30_47,4,1,Jar - UR,36,158,154,246,244,-149,1622588705304,1622588709002,1622588714676,1622588717561,0,0,0,5674,9372,3698,12257,False,False,False,False,True
90,06_01_2021_18_30_47,4,2,clamps,74,229,130,286,-55,-143,1622588731164,1622588735050,1622588739958,1622588742825,0,0,0,4908,8794,3886,11661,True,False,False,False,False
91,06_01_2021_18_30_47,4,3,coffee pod,143,234,198,281,116,-93,1622588748937,1622588750764,1622588753926,1622588756662,0,0,0,3162,4989,1827,7725,True,False,False,False,False
92,06_02_2021_15_59_33,2,0,airpods,168,249,258,310,504,-37,1622665698056,1622665701475,1622665705471,1622665710182,0,0,0,3996,7415,3419,12126,True,False,True,False,False
93,06_02_2021_15_59_33,2,1,coffee pod,190,223,244,281,16,-110,1622665717375,1622665719242,1622665722757,1622665725223,0,0,0,3515,5382,1867,7848,True,False,False,False,False
94,06_01_2021_18_30_47,3,0,cigar,218,34,277,86,-17,-149,1622588786444,1622588790365,1622588795463,1622588799409,0,0,0,5098,9019,3921,12965,True,False,False,False,False
95,06_01_2021_18_30_47,3,1,Measuring tape,115,85,213,169,305,296,1622588811663,1622588815455,1622588820092,1622588841393,0,0,1,4637,8429,3792,29730,True,False,False,False,False
96,06_01_2021_18_30_47,3,2,Headphone,91,225,267,384,-27,-177,1622588867981,1622588870800,1622588874811,1622588877709,0,0,0,4011,6830,2819,9728,True,False,False,False,False
97,06_02_2021_15_59_33,4,0,mango,21,185,84,269,446,143,1622665765489,1622665768684,1622665771828,1622665776258,0,0,0,3144,6339,3195,10769,True,False,False,False,False
98,06_02_2021_15_59_33,4,1,laddle,206,140,282,257,623,282,1622665785924,1622665789903,1622665792928,1622665795533,0,0,0,3025,7004,3979,9609,True,False,False,False,False
99,06_02_2021_15_59_33,4,2,Stapler,196,253,248,303,56,-128,1622665802247,1622665809134,1622665812427,1622665823229,0,0,1,3293,10180,6887,20982,True,True,False,False,False
100,06_02_2021_15_59_33,4,3,Mugs - RDM,118,174,202,295,135,21,1622665829203,1622665831519,1622665833744,1622665835700,0,0,0,2225,4541,2316,6497,True,False,False,False,False
101,06_01_2021_16_43_45,2,0,Dish Soap - UR,73,43,207,223,28,-225,1622580545867,1622580549592,1622580553636,1622580560351,0,0,0,4044,7769,3725,14484,True,False,False,False,False
102,06_01_2021_16_43_45,2,1,Glasses,87,291,212,358,64,-51,1622580570235,1622580572147,1622580575417,1622580579902,0,0,0,3270,5182,1912,9667,True,False,False,False,False
103,06_01_2021_18_30_47,3,0,Small water bottle - RDM,78,283,164,372,38,-133,1622586807000,1622586815938,1622586819920,1622586823063,1,0,0,3982,12920,8938,16063,True,False,False,False,False
104,06_01_2021_18_30_47,3,1,clamps,145,290,207,356,42,-76,1622586846535,1622586849378,1622586852723,1622586856553,0,0,0,3345,6188,2843,10018,True,False,False,False,False
105,06_01_2021_18_30_47,3,2,Drill,79,249,160,294,29,-169,1622586860689,1622586862624,1622586867485,1622586874670,0,0,0,4861,6796,1935,13981,True,False,False,False,False
106,06_02_2021_15_32_42,3,0,Large water bottle - UR,13,297,156,374,392,-42,1622662580686,1622662583331,1622662588238,1622662593557,0,0,0,4907,7552,2645,12871,True,True,False,False,False
107,06_02_2021_15_32_42,3,1,screw driver,250,227,361,312,33,-164,1622662610867,1622662614380,1622662618528,1622662622850,0,0,0,4148,7661,3513,11983,True,False,False,False,False
108,06_02_2021_15_32_42,3,2,Shoes,56,196,168,300,13,-122,1622662632657,1622662634991,1622662639274,1622662648973,0,0,1,4283,6617,2334,16316,True,True,False,False,False
109,06_02_2021_15_59_32,3,0,airpods,87,176,124,221,52,-177,1622664142210,1622664145537,1622664149813,1622664154848,0,0,0,4276,7603,3327,12638,True,False,False,False,False
110,06_02_2021_15_59_32,3,1,pump,206,139,242,262,482,81,1622664176505,1622664179536,1622664184088,1622664187788,0,0,0,4552,7583,3031,11283,True,False,False,False,False
111,06_02_2021_15_59_32,3,2,Headphone,92,209,179,274,36,-98,1622664193638,1622664196020,1622664199062,1622664202367,0,0,0,3042,5424,2382,8729,True,False,False,False,False
112,06_02_2021_15_59_33,2,0,laddle,89,246,231,288,7,-43,1622665857311,1622665860597,1622665864594,1622665867400,0,0,0,3997,7283,3286,10089,True,False,False,False,False
113,06_02_2021_15_59_33,2,1,mango,83,171,167,226,10,-95,1622665872767,1622665875598,1622665877949,1622665880300,0,0,0,2351,5182,2831,7533,True,False,False,False,False
114,06_02_2021_15_59_33,5,0,airpods,189,267,237,313,23,-92,1622665914869,1622665918117,1622665922735,1622665925186,0,0,0,4618,7866,3248,10317,True,False,False,False,False
115,06_02_2021_15_59_33,5,1,white out,210,283,286,321,2,83,1622665930019,1622665933802,1622665936304,1622665938737,0,0,0,2502,6285,3783,8718,True,False,False,False,False
116,06_02_2021_15_59_33,5,2,Large water bottle - RDM,109,151,209,223,61,-119,1622665942889,1622665946101,1622665949341,1622665953148,0,0,0,3240,6452,3212,10259,True,False,False,False,False
117,06_02_2021_15_59_33,5,3,Hand Sanitizer - RDM,174,163,303,291,34,6,1622665958976,1622665963069,1622665965740,1622665969108,0,0,0,2671,6764,4093,10132,True,False,False,False,False
118,06_02_2021_15_59_33,5,4,Flash light,103,188,162,224,565,64,1622665974846,1622665977258,1622665981020,1622665984459,0,0,0,3762,6174,2412,9613,True,False,False,False,False
119,06_02_2021_15_59_33,6,0,Large water bottle - RDM,49,128,104,198,224,-12,1622666034233,1622666038747,1622666047868,1622666050397,0,0,0,9121,13635,4514,16164,True,True,False,False,False
120,06_02_2021_15_59_33,6,1,glass case,193,222,337,285,61,-1,1622666061373,1622666067947,1622666075588,1622666078015,0,0,0,7641,14215,6574,16642,False,False,True,False,False
121,06_02_2021_15_59_33,6,2,Glasses,193,190,313,296,190,76,1622666097173,1622666100830,1622666103046,1622666105234,0,0,0,2216,5873,3657,8061,True,False,False,False,False
122,06_02_2021_15_59_33,6,3,coffee pod,32,186,79,233,48,-46,1622666111366,1622666114358,1622666117333,1622666119468,0,0,0,2975,5967,2992,8102,True,False,False,False,False
123,06_02_2021_15_59_33,6,4,Travel mugs - RDM,68,264,229,377,54,-20,1622666124852,1622666126984,1622666131006,1622666134352,0,0,0,4022,6154,2132,9500,True,False,False,False,False
124,06_02_2021_15_59_33,6,5,tape,58,161,106,221,261,202,0,0,0,1622666162436,0,0,0,4022,6154,0,37584,False,False,False,False,False
125,06_02_2021_15_59_33,5,0,Dish Soap - RDM,45,320,85,371,-16,-97,1622666242439,1622666249181,1622666258420,1622666261966,0,0,0,9239,15981,6742,19527,True,False,False,True,False
126,06_02_2021_15_59_33,5,1,duster,197,258,244,302,19,54,1622666269723,1622666277925,1622666281684,1622666284491,0,0,0,3759,11961,8202,14768,True,False,False,False,False
127,06_02_2021_15_59_33,5,2,cigar,224,309,277,357,10,209,1622666290746,1622666293976,1622666297339,1622666299739,0,0,0,3363,6593,3230,8993,True,False,False,False,False
128,06_02_2021_15_59_33,5,3,Mouse,220,174,314,243,81,-89,1622666305740,1622666308701,1622666311595,1622666313815,0,0,0,2894,5855,2961,8075,True,False,False,False,False
129,06_02_2021_15_59_33,5,4,Large water bottle - UR,47,211,190,278,176,-45,1622666327651,1622666329941,1622666333974,1622666336856,0,0,0,4033,6323,2290,9205,True,False,False,False,False
130,06_02_2021_15_59_33,3,0,airpods,155,175,207,228,73,2,1622666374547,1622666379105,1622666382067,1622666385243,0,0,0,2962,7520,4558,10696,True,False,False,False,False
131,06_02_2021_15_59_33,3,1,tape,185,262,290,362,65,-118,1622666391729,1622666394512,1622666396991,1622666399982,0,0,0,2479,5262,2783,8253,True,False,False,False,False
132,06_02_2021_15_59_33,3,2,laddle,63,245,142,361,87,-24,1622666405823,1622666408351,1622666410896,1622666413976,0,0,0,2545,5073,2528,8153,True,False,False,False,False
133,06_02_2021_15_59_33,3,0,clamps,216,203,286,277,59,-72,1622666437350,1622666440610,1622666444442,1622666448028,0,0,0,3832,7092,3260,10678,True,False,False,False,False
134,06_02_2021_15_59_33,3,1,Glasses,186,293,244,384,106,-21,1622666454245,1622666458947,1622666461826,1622666464455,0,0,0,2879,7581,4702,10210,True,False,False,False,False
135,06_02_2021_15_59_33,3,2,Shoes,186,147,262,348,512,139,1622666469077,1622666471177,1622666474211,1622666478358,0,0,0,3034,5134,2100,9281,True,False,False,False,False
136,06_02_2021_15_59_33,4,0,Drill,102,252,214,381,412,-19,1622666510200,1622666515810,1622666518912,1622666536526,0,0,1,3102,8712,5610,26326,True,False,False,False,False
137,06_02_2021_15_59_33,4,1,laddle,65,236,158,293,36,-139,1622666555554,1622666560358,1622666563145,1622666566722,0,0,0,2787,7591,4804,11168,True,False,False,False,False
138,06_02_2021_15_59_33,4,2,Stapler,192,235,325,350,67,-126,1622666580596,1622666584300,1622666587237,1622666591646,0,0,0,2937,6641,3704,11050,True,False,False,False,False
139,06_02_2021_15_59_33,4,3,Hand Sanitizer - UR,18,202,150,266,84,-136,1622666605807,1622666608944,1622666614996,1622666617863,0,0,0,6052,9189,3137,12056,True,False,False,False,False
140,06_02_2021_15_59_33,5,0,medicine box - RDM,184,169,292,280,60,-117,1622666906521,1622666909803,1622666912375,1622666914696,0,0,0,2572,5854,3282,8175,True,False,False,False,False
141,06_02_2021_15_59_33,5,1,Jar - UR,28,43,143,133,67,-164,1622666926152,1622666929561,1622666932322,1622666936299,0,0,0,2761,6170,3409,10147,True,False,False,False,False
142,06_02_2021_15_59_33,5,2,duster,126,269,225,379,34,-55,1622666942546,1622666945661,1622666948345,1622666951062,0,0,0,2684,5799,3115,8516,True,False,False,False,False
143,06_02_2021_15_59_33,5,3,Drill,230,142,346,323,86,-121,1622666958275,1622666961586,1622666963848,1622666968180,0,0,0,2262,5573,3311,9905,True,False,False,False,False
144,06_02_2021_15_59_33,5,4,cigar,120,264,155,316,131,-77,1622666973971,1622666976146,1622666978164,1622666980465,0,0,0,2018,4193,2175,6494,True,False,False,False,False
145,06_02_2021_15_59_33,2,0,white out,87,266,147,354,37,-6,1622667009186,1622667024069,1622667028824,1622667031413,1,0,0,4755,19638,14883,22227,True,False,True,False,False
146,06_02_2021_15_59_33,2,1,Lotion Bottles - UR,30,235,213,337,352,315,1622667036908,1622667039781,1622667043569,1622667054281,0,0,0,3788,6661,2873,17373,False,True,False,False,False
147,06_01_2021_16_43_45,3,0,Jar - UR,32,134,140,208,-31,-147,1622580604277,1622580607900,1622580612760,1622580631766,0,0,1,4860,8483,3623,27489,True,True,False,False,False
148,06_01_2021_16_43_45,3,1,laddle,211,46,267,250,28,-161,1622580645058,1622580648219,1622580652150,1622580658300,0,0,0,3931,7092,3161,13242,True,False,False,False,False
149,06_01_2021_16_43_45,3,2,Travel mugs - RDM,72,183,240,335,15,-205,1622580665084,1622580667151,1622580672197,1622580676983,0,0,0,5046,7113,2067,11899,True,False,False,False,False
150,06_01_2021_18_30_47,3,0,Drill,62,219,164,371,78,-221,1622586897624,1622586900953,1622586905354,1622586911353,0,0,0,4401,7730,3329,13729,True,False,False,False,False
151,06_01_2021_18_30_47,3,1,Shoes,95,218,174,321,307,-43,1622586918338,1622586923466,1622586928270,1622586933286,0,0,0,4804,9932,5128,14948,False,True,False,False,False
152,06_01_2021_18_30_47,3,2,Towel,62,151,265,338,-1,-188,1622586944650,1622586957459,1622586961421,1622586964387,1,0,0,3962,16771,12809,19737,True,False,False,True,False
153,06_02_2021_15_32_42,4,0,glass case,24,152,93,309,427,81,1622662686589,1622662691100,1622662695840,1622662699105,0,0,0,4740,9251,4511,12516,True,False,False,False,False
154,06_02_2021_15_32_42,4,1,cigar,176,192,198,248,66,-98,1622662704673,1622662708401,1622662712848,1622662716207,0,0,0,4447,8175,3728,11534,True,False,False,False,False
155,06_02_2021_15_32_42,4,2,mango,159,237,230,349,45,-112,1622662723919,1622662728260,1622662731556,1622662734444,0,0,0,3296,7637,4341,10525,True,False,False,False,False
156,06_02_2021_15_32_42,4,3,airpods,99,163,147,211,61,-220,1622662744960,1622662746796,1622662751821,1622662763510,0,0,0,5025,6861,1836,18550,False,True,False,False,False
157,06_02_2021_15_59_32,3,0,screw driver,102,116,160,161,427,117,1622664250249,1622664259771,1622664266572,1622664278025,0,0,1,6801,16323,9522,27776,True,False,False,True,False
158,06_02_2021_15_59_32,3,1,Coffee cup - UR,179,229,267,264,118,-105,1622664291339,1622664299856,1622664304055,1622664307189,0,0,0,4199,12716,8517,15850,True,False,False,False,False
159,06_02_2021_15_59_32,3,2,Mugs - RDM,7,147,121,259,54,-167,1622664314913,1622664318391,1622664322628,1622664327590,0,0,0,4237,7715,3478,12677,False,True,False,True,False
160,06_01_2021_16_43_45,4,0,tape,101,217,195,311,476,-384,1622580740582,1622580743856,1622580754803,1622580760735,0,0,0,10947,14221,3274,20153,True,False,False,False,True
161,06_01_2021_16_43_45,4,1,mango,173,306,252,384,72,-198,1622580772637,1622580776487,1622580782046,1622580793466,0,0,1,5559,9409,3850,20829,True,False,False,False,True
162,06_01_2021_16_43_45,4,2,Speakers,204,159,298,245,51,-196,1622580804184,1622580806701,1622580812302,1622580816149,0,0,0,5601,8118,2517,11965,True,False,False,False,False
163,06_01_2021_16_43_45,4,3,Mugs - RDM,108,137,240,227,43,-135,1622580821565,1622580823632,1622580830952,1622580834670,0,0,0,7320,9387,2067,13105,True,False,False,False,False
164,06_01_2021_18_30_47,5,0,clamps,124,110,189,179,-13,-97,1622587016699,1622587045165,1622587049331,1622587057188,1,0,1,4166,32632,28466,40489,True,False,False,True,False
165,06_01_2021_18_30_47,5,1,Flash light,83,297,211,347,7,-211,1622587098137,1622587107653,1622587112920,1622587117136,0,0,0,5267,14783,9516,18999,True,False,False,False,False
166,06_01_2021_18_30_47,5,2,Coffee cup - UR,12,249,128,338,-33,-152,1622587123752,1622587132835,1622587136337,1622587139905,1,0,0,3502,12585,9083,16153,True,False,True,False,False
167,06_01_2021_18_30_47,5,3,pump,240,139,308,292,-49,26,1622587149859,1622587153050,1622587156089,1622587158588,0,0,0,3039,6230,3191,8729,True,False,False,False,False
168,06_01_2021_18_30_47,5,4,Apple,75,112,143,176,58,-85,1622587163770,1622587165929,1622587169942,1622587180183,0,0,0,4013,6172,2159,16413,True,False,False,False,False
169,06_02_2021_15_59_32,5,0,Stapler,70,159,95,322,253,241,0,0,0,1622664376782,0,0,0,4237,7715,0,61869,False,False,False,False,False
170,06_02_2021_15_59_32,5,1,Measuring tape,160,295,243,383,39,-159,1622664406683,1622664410288,1622664417933,1622664422972,0,0,0,7645,11250,3605,16289,True,False,False,False,False
171,06_02_2021_15_59_32,5,2,Dish Soap - RDM,39,272,133,327,312,15,1622664431823,1622664436462,1622664442775,1622664447939,0,0,0,6313,10952,4639,16116,True,False,False,False,False
172,06_02_2021_15_59_32,5,3,pump,112,310,136,383,30,-125,1622664464249,1622664467855,1622664472406,1622664475555,0,0,0,4551,8157,3606,11306,True,False,False,False,False
173,06_02_2021_15_59_32,5,4,Hand Sanitizer - UR,114,50,214,293,59,-186,1622664481633,1622664484418,1622664487533,1622664490673,0,0,0,3115,5900,2785,9040,True,False,False,False,False
174,06_01_2021_16_43_45,4,0,Speakers,203,300,287,380,476,77,1622580910320,1622580899436,1622580906219,1622580911380,0,0,0,0,-1622580910320,3240,1060,True,False,False,False,False
175,06_01_2021_16_43_45,4,1,Shoes,109,99,366,311,116,-168,1622580929954,1622580933833,1622580938210,1622580943169,0,0,0,4377,8256,3879,13215,True,False,False,False,False
176,06_01_2021_16_43_45,4,2,Apple,128,322,190,382,128,-199,1622580949856,1622580952836,1622580956437,1622580961329,0,0,0,3601,6581,2980,11473,True,False,False,False,False
177,06_01_2021_16_43_45,4,3,T-shirt,82,150,212,302,-5,-172,1622580967920,1622580969801,1622580973235,1622580975851,0,0,0,3434,5315,1881,7931,True,False,False,False,False
178,06_01_2021_18_30_47,4,0,glass case,237,3,362,178,-41,-107,1622587230031,1622587234378,1622587237806,1622587241554,0,0,0,3428,7775,4347,11523,True,False,False,False,False
179,06_01_2021_18_30_47,4,1,laddle,205,70,246,185,46,-131,1622587247151,1622587250371,1622587254854,1622587259006,0,0,0,4483,7703,3220,11855,True,False,False,False,False
180,06_01_2021_18_30_47,4,2,Small water bottle - RDM,121,274,232,370,20,-177,1622587265523,1622587268138,1622587271638,1622587275140,0,0,0,3500,6115,2615,9617,True,False,False,False,False
181,06_01_2021_18_30_47,4,3,orange,119,250,177,305,-9,-201,1622587283959,1622587286197,1622587290228,1622587292631,0,0,0,4031,6269,2238,8672,True,False,False,False,False
182,06_02_2021_15_59_32,3,0,car keys,211,225,334,297,111,-96,1622664525044,1622664527854,1622664531684,1622664545457,0,0,1,3830,6640,2810,20413,True,True,False,False,False
183,06_02_2021_15_59_32,3,1,Large water bottle - RDM,85,40,162,135,63,-132,1622664554243,1622664557289,1622664560540,1622664563507,0,0,0,3251,6297,3046,9264,True,False,False,False,False
184,06_02_2021_15_59_32,3,2,cigar,150,216,174,268,86,-84,1622664568821,1622664571078,1622664573824,1622664576491,0,0,0,2746,5003,2257,7670,True,False,False,False,False
185,06_01_2021_16_43_45,3,0,Travel mugs - RDM,98,156,190,332,86,-171,1622581023922,1622581037125,1622581040916,1622581044702,1,0,0,3791,16994,13203,20780,True,False,False,True,False
186,06_01_2021_16_43_45,3,1,medicine box - UR,153,312,244,384,10,-148,1622581057383,1622581060867,1622581064169,1622581066746,0,0,0,3302,6786,3484,9363,True,False,False,False,False
187,06_01_2021_16_43_45,3,2,Hand Sanitizer - RDM,154,195,199,279,57,-171,1622581072000,1622581074201,1622581077735,1622581088419,0,0,1,3534,5735,2201,16419,True,True,False,False,False
188,06_01_2021_18_30_47,3,0,cigar,101,162,208,343,281,161,1622587324044,1622587328653,0,1622587333305,0,0,0,-1622587328653,-1622587324044,4609,9261,False,False,False,False,False
189,06_01_2021_18_30_47,3,1,Coffee cup - RDM,119,81,276,178,252,140,1622587368256,1622587358560,1622587365303,1622587369301,1,0,0,0,-1622587368256,12642,1045,True,False,False,False,False
190,06_01_2021_18_30_47,3,2,glass case,124,169,229,346,82,-121,1622587377415,1622587381296,1622587386854,1622587389504,0,0,0,5558,9439,3881,12089,True,False,False,False,False
191,06_02_2021_15_59_32,4,0,Flash light,85,235,227,367,46,-172,1622664606049,1622664611030,1622664613854,1622664617140,0,0,0,2824,7805,4981,11091,True,False,False,False,False
192,06_02_2021_15_59_32,4,1,duster,190,211,298,310,59,-76,1622664622589,1622664626139,1622664629507,1622664632407,0,0,0,3368,6918,3550,9818,True,False,False,False,False
193,06_02_2021_15_59_32,4,2,Travel mugs - UR,24,169,165,277,59,-165,1622664638273,1622664649241,1622664652622,1622664655091,1,0,0,3381,14349,10968,16818,True,False,True,False,False
194,06_02_2021_15_59_32,4,3,T-shirt,118,235,222,301,-11,-122,1622664661227,1622664663641,1622664666989,1622664669464,0,0,0,3348,5762,2414,8237,True,False,False,False,False
195,06_01_2021_16_43_45,2,0,Mouse,37,187,102,265,42,-206,1622581119276,1622581122613,1622581127170,1622581130775,0,0,0,4557,7894,3337,11499,True,False,False,False,False
196,06_01_2021_16_43_45,2,1,Hand Sanitizer - UR,121,252,243,317,187,-161,1622581136706,1622581138570,1622581141953,1622581145193,0,0,0,3383,5247,1864,8487,True,False,False,False,False
197,06_01_2021_18_30_47,3,0,tape,110,350,191,384,347,-191,1622587416452,1622587423023,1622587432138,1622587436590,0,0,0,9115,15686,6571,20138,True,False,False,False,False
198,06_01_2021_18_30_47,3,1,Large water bottle - RDM,209,206,271,354,65,-66,1622587447068,1622587450573,1622587455239,1622587461933,0,0,0,4666,8171,3505,14865,True,False,False,False,False
199,06_01_2021_18_30_47,3,2,Mugs - UR,127,282,243,379,121,-187,1622587470303,1622587491904,1622587495572,1622587502435,1,0,0,3668,25269,21601,32132,True,False,False,False,False
200,06_02_2021_15_59_32,4,0,Coffee cup - UR,34,132,151,220,34,-110,1622664697247,1622664700988,1622664704374,1622664706855,0,0,0,3386,7127,3741,9608,True,False,False,False,False
201,06_02_2021_15_59_32,4,1,car keys,215,354,279,384,60,-170,1622664714775,1622664718475,1622664721788,1622664737589,0,0,1,3313,7013,3700,22814,True,True,False,False,False
202,06_02_2021_15_59_32,4,2,paint roller,25,42,75,107,52,-153,1622664745147,1622664748640,1622664753506,1622664756658,0,0,0,4866,8359,3493,11511,True,False,False,False,False
203,06_02_2021_15_59_32,4,3,Towel,150,191,270,333,72,-155,1622664766711,1622664768504,1622664773173,1622664776625,0,0,0,4669,6462,1793,9914,True,False,False,False,False
204,06_01_2021_16_43_45,4,0,airpods,188,321,236,368,55,-133,1622581196225,1622581199277,1622581203053,1622581206810,0,0,0,3776,6828,3052,10585,True,False,False,False,False
205,06_01_2021_16_43_45,4,1,Drill,169,177,284,331,53,-167,1622581211834,1622581214959,1622581218904,1622581223154,0,0,0,3945,7070,3125,11320,True,False,False,False,False
206,06_01_2021_16_43_45,4,2,Coffee cup - UR,3,222,115,306,-19,-230,1622581231702,1622581233733,1622581237235,1622581240436,0,0,0,3502,5533,2031,8734,True,False,False,False,False
207,06_01_2021_16_43_45,4,3,coffee pod,194,143,250,192,74,-151,1622581247162,1622581249069,1622581254891,1622581258904,0,0,0,5822,7729,1907,11742,True,False,False,False,False
208,06_01_2021_18_30_47,1,0,T-shirt,109,225,226,368,480,141,1622587519440,1622587530203,1622587533874,1622587538606,1,0,0,3671,14434,10763,19166,True,False,False,True,False
209,06_02_2021_15_59_32,2,0,Apple,144,61,214,128,70,-118,1622664801979,1622664804620,1622664807918,1622664810439,0,0,0,3298,5939,2641,8460,True,False,False,False,False
210,06_02_2021_15_59_32,2,1,tripod,196,239,251,384,140,-106,1622664814532,1622664816698,1622664820024,1622664824056,0,0,0,3326,5492,2166,9524,True,False,False,False,False
211,06_01_2021_16_43_45,2,0,clamps,190,311,257,373,55,-120,1622581323078,1622581326584,1622581329520,1622581337303,0,0,1,2936,6442,3506,14225,True,True,False,False,False
212,06_01_2021_16_43_45,2,1,Large water bottle - RDM,154,240,214,308,65,-116,1622581343029,1622581344759,1622581347926,1622581354470,0,0,0,3167,4897,1730,11441,True,False,False,False,False
213,06_01_2021_18_30_47,3,0,Headphone,240,140,294,235,80,-168,1622587579661,1622587582715,1622587586040,1622587592011,0,0,0,3325,6379,3054,12350,True,False,False,False,False
214,06_01_2021_18_30_47,3,1,Dish Soap - UR,30,161,230,226,-53,-118,1622587602805,1622587606444,1622587610441,1622587614013,0,0,0,3997,7636,3639,11208,True,False,False,False,False
215,06_01_2021_18_30_47,3,2,paint roller,96,291,158,364,13,-92,1622587627217,1622587629095,1622587632724,1622587635477,0,0,0,3629,5507,1878,8260,True,False,False,False,False
216,06_02_2021_15_59_32,3,0,airpods,154,236,199,286,66,-85,1622664854909,1622664858993,1622664861622,1622664864340,0,0,0,2629,6713,4084,9431,True,False,False,False,False
217,06_02_2021_15_59_32,3,1,white out,218,173,304,217,105,-23,1622664871103,1622664874479,1622664877153,1622664879774,0,0,0,2674,6050,3376,8671,True,False,False,False,False
218,06_02_2021_15_59_32,3,2,medicine box - UR,56,213,150,281,69,-132,1622664888356,1622664890374,1622664893025,1622664894772,0,0,0,2651,4669,2018,6416,True,False,False,False,False
219,06_01_2021_16_43_45,3,0,tape,83,22,168,112,29,-140,1622581380031,1622581382857,1622581386620,1622581391751,0,0,0,3763,6589,2826,11720,True,False,False,False,False
220,06_01_2021_16_43_45,3,1,medicine box - RDM,156,87,247,164,15,-121,1622581397592,1622581400617,1622581403920,1622581406703,0,0,0,3303,6328,3025,9111,True,False,False,False,False
221,06_01_2021_16_43_45,3,2,Lotion Bottles - RDM,156,144,234,347,68,-99,1622581412986,1622581414691,1622581419220,1622581422803,0,0,0,4529,6234,1705,9817,True,False,False,False,False
222,06_01_2021_18_30_47,4,0,Towel,159,95,364,348,123,-38,1622587684860,1622587692689,1622587698325,1622587702042,1,0,0,5636,13465,7829,17182,True,False,False,False,False
223,06_01_2021_18_30_47,4,1,screw driver,131,115,170,228,17,-89,1622587715858,1622587720303,1622587724842,1622587729140,0,0,0,4539,8984,4445,13282,True,False,False,False,False
224,06_01_2021_18_30_47,4,2,airpods,36,189,80,232,-20,-12,1622587737550,1622587740382,1622587747389,1622587749806,0,0,0,7007,9839,2832,12256,True,False,False,False,False
225,06_01_2021_18_30_47,4,3,white out,151,254,227,321,-57,-56,1622587755768,1622587757854,1622587762307,1622587772322,0,0,1,4453,6539,2086,16554,True,True,False,False,False
226,06_02_2021_15_59_32,5,0,cans - RDM,20,1,93,72,218,17,1622664943528,1622664946836,1622664950357,1622664952508,0,0,0,3521,6829,3308,8980,True,False,False,False,False
227,06_02_2021_15_59_32,5,1,Stapler,83,216,161,362,63,-165,1622664962196,1622664965879,1622664970157,1622664974664,0,0,0,4278,7961,3683,12468,True,False,False,False,False
228,06_02_2021_15_59_32,5,2,airpods,115,319,159,368,70,-119,1622664992470,1622664995214,1622664998243,1622665001372,0,0,0,3029,5773,2744,8902,True,False,False,False,False
229,06_02_2021_15_59_32,5,3,Measuring tape,117,240,213,336,57,-116,1622665006055,1622665008902,1622665011409,1622665014875,0,0,0,2507,5354,2847,8820,True,False,False,False,False
230,06_02_2021_15_59_32,5,4,Shoes,71,153,308,264,43,-93,1622665020754,1622665022764,1622665026392,1622665029675,0,0,0,3628,5638,2010,8921,True,False,False,False,False
